id,user_id,date,notes,created_at
1,1,2024-07-06,,2025-07-06 08:04:57+10
2,1,2024-07-08,,2025-07-06 08:04:57+10
3,1,2024-07-08,,2025-07-06 08:04:57+10
4,1,2024-07-10,,2025-07-06 08:04:57+10
5,1,2024-07-11,,2025-07-06 08:04:57+10
6,1,2024-07-13,,2025-07-06 08:04:57+10
7,1,2024-07-13,,2025-07-06 08:04:57+10
8,1,2024-07-15,,2025-07-06 08:04:57+10
9,1,2024-07-15,,2025-07-06 08:04:57+10
10,1,2024-07-16,,2025-07-06 08:04:57+10
11,1,2024-07-17,,2025-07-06 08:04:57+10
12,1,2024-07-18,,2025-07-06 08:04:57+10
13,1,2024-07-18,,2025-07-06 08:04:57+10
14,1,2024-07-19,,2025-07-06 08:04:57+10
15,1,2024-07-20,,2025-07-06 08:04:57+10
16,1,2024-07-20,,2025-07-06 08:04:57+10
17,1,2024-07-24,,2025-07-06 08:04:57+10
18,1,2024-07-25,,2025-07-06 08:04:57+10
19,1,2024-07-25,,2025-07-06 08:04:57+10
20,1,2024-07-26,,2025-07-06 08:04:57+10
21,1,2024-07-27,,2025-07-06 08:04:57+10
22,1,2024-07-27,,2025-07-06 08:04:57+10
23,1,2024-07-28,,2025-07-06 08:04:57+10
24,1,2024-07-30,,2025-07-06 08:04:57+10
25,1,2024-07-30,,2025-07-06 08:04:57+10
26,1,2024-08-01,,2025-07-06 08:04:57+10
27,1,2024-08-04,,2025-07-06 08:04:57+10
28,1,2024-08-05,,2025-07-06 08:04:57+10
29,1,2024-08-05,,2025-07-06 08:04:57+10
30,1,2024-08-08,,2025-07-06 08:04:57+10
31,1,2024-08-08,,2025-07-06 08:04:57+10
32,1,2024-08-09,,2025-07-06 08:04:57+10
33,1,2024-08-11,,2025-07-06 08:04:57+10
34,1,2024-08-11,,2025-07-06 08:04:57+10
35,1,2024-08-12,,2025-07-06 08:04:57+10
36,1,2024-08-13,,2025-07-06 08:04:57+10
37,1,2024-08-13,,2025-07-06 08:04:57+10
38,1,2024-08-15,,2025-07-06 08:04:57+10
39,1,2024-08-15,,2025-07-06 08:04:57+10
40,1,2024-08-17,,2025-07-06 08:04:57+10
41,1,2024-08-17,,2025-07-06 08:04:57+10
42,1,2024-08-18,,2025-07-06 08:04:57+10
43,1,2024-08-23,,2025-07-06 08:04:57+10
44,1,2024-08-23,,2025-07-06 08:04:57+10
45,1,2024-08-25,,2025-07-06 08:04:57+10
46,1,2024-08-26,,2025-07-06 08:04:57+10
47,1,2024-08-28,,2025-07-06 08:04:57+10
48,1,2024-08-28,,2025-07-06 08:04:57+10
49,1,2024-08-29,,2025-07-06 08:04:57+10
50,1,2024-08-29,,2025-07-06 08:04:57+10
51,1,2024-08-31,,2025-07-06 08:04:57+10
52,1,2024-09-03,,2025-07-06 08:04:57+10
53,1,2024-09-04,,2025-07-06 08:04:57+10
54,1,2024-09-06,,2025-07-06 08:04:57+10
55,1,2024-09-06,,2025-07-06 08:04:57+10
56,1,2024-09-10,,2025-07-06 08:04:57+10
57,1,2024-09-14,,2025-07-06 08:04:57+10
58,1,2024-09-15,,2025-07-06 08:04:57+10
59,1,2024-09-17,,2025-07-06 08:04:57+10
60,1,2024-09-19,,2025-07-06 08:04:57+10
61,1,2024-09-20,,2025-07-06 08:04:57+10
62,1,2024-09-21,,2025-07-06 08:04:57+10
63,1,2024-09-21,,2025-07-06 08:04:57+10
64,1,2024-09-22,,2025-07-06 08:04:57+10
65,1,2024-09-22,,2025-07-06 08:04:57+10
66,1,2024-09-25,,2025-07-06 08:04:57+10
67,1,2024-09-25,,2025-07-06 08:04:57+10
68,1,2024-09-27,,2025-07-06 08:04:57+10
69,1,2024-09-27,,2025-07-06 08:04:57+10
70,1,2024-09-28,,2025-07-06 08:04:57+10
71,1,2024-09-28,,2025-07-06 08:04:57+10
72,1,2024-09-29,,2025-07-06 08:04:57+10
73,1,2024-09-30,,2025-07-06 08:04:57+10
74,1,2024-10-01,,2025-07-06 08:04:57+10
75,1,2024-10-02,,2025-07-06 08:04:57+10
76,1,2024-10-04,,2025-07-06 08:04:57+10
77,1,2024-10-04,,2025-07-06 08:04:57+10
78,1,2024-10-06,,2025-07-06 08:04:57+10
79,1,2024-10-10,,2025-07-06 08:04:57+10
80,1,2024-10-10,,2025-07-06 08:04:57+10
81,1,2024-10-13,,2025-07-06 08:04:57+10
82,1,2024-10-15,,2025-07-06 08:04:57+10
83,1,2024-10-16,,2025-07-06 08:04:57+10
84,1,2024-10-17,,2025-07-06 08:04:57+10
85,1,2024-10-18,,2025-07-06 08:04:57+10
86,1,2024-10-18,,2025-07-06 08:04:57+10
87,1,2024-10-20,,2025-07-06 08:04:57+10
88,1,2024-10-20,,2025-07-06 08:04:57+10
89,1,2024-10-21,,2025-07-06 08:04:57+10
90,1,2024-10-21,,2025-07-06 08:04:57+10
91,1,2024-10-22,,2025-07-06 08:04:57+10
92,1,2024-10-23,,2025-07-06 08:04:57+10
93,1,2024-10-23,,2025-07-06 08:04:57+10
94,1,2024-10-24,,2025-07-06 08:04:57+10
95,1,2024-10-24,,2025-07-06 08:04:57+10
96,1,2024-10-25,,2025-07-06 08:04:57+10
97,1,2024-10-25,,2025-07-06 08:04:57+10
98,1,2024-10-27,,2025-07-06 08:04:57+10
99,1,2024-10-27,,2025-07-06 08:04:57+10
100,1,2024-10-28,,2025-07-06 08:04:57+10
101,1,2024-10-29,,2025-07-06 08:04:57+10
102,1,2024-10-29,,2025-07-06 08:04:57+10
103,1,2024-11-01,,2025-07-06 08:04:57+10
104,1,2024-11-02,,2025-07-06 08:04:57+10
105,1,2024-11-02,,2025-07-06 08:04:57+10
106,1,2024-11-04,,2025-07-06 08:04:57+10
107,1,2024-11-04,,2025-07-06 08:04:57+10
108,1,2024-11-06,,2025-07-06 08:04:57+10
109,1,2024-11-06,,2025-07-06 08:04:57+10
110,1,2024-11-07,,2025-07-06 08:04:57+10
111,1,2024-11-09,,2025-07-06 08:04:57+10
112,1,2024-11-10,,2025-07-06 08:04:57+10
113,1,2024-11-12,,2025-07-06 08:04:57+10
114,1,2024-11-12,,2025-07-06 08:04:57+10
115,1,2024-11-14,,2025-07-06 08:04:57+10
116,1,2024-11-15,,2025-07-06 08:04:57+10
117,1,2024-11-18,,2025-07-06 08:04:57+10
118,1,2024-11-18,,2025-07-06 08:04:57+10
119,1,2024-11-19,,2025-07-06 08:04:57+10
120,1,2024-11-19,,2025-07-06 08:04:57+10
121,1,2024-11-20,,2025-07-06 08:04:57+10
122,1,2024-11-22,,2025-07-06 08:04:57+10
123,1,2024-11-25,,2025-07-06 08:04:57+10
124,1,2024-11-26,,2025-07-06 08:04:57+10
125,1,2024-11-26,,2025-07-06 08:04:57+10
126,1,2024-11-27,,2025-07-06 08:04:57+10
127,1,2024-11-27,,2025-07-06 08:04:57+10
128,1,2024-11-28,,2025-07-06 08:04:57+10
129,1,2024-11-30,,2025-07-06 08:04:57+10
130,1,2024-11-30,,2025-07-06 08:04:57+10
131,1,2024-12-01,,2025-07-06 08:04:57+10
132,1,2024-12-03,,2025-07-06 08:04:57+10
133,1,2024-12-03,,2025-07-06 08:04:57+10
134,1,2024-12-04,,2025-07-06 08:04:57+10
135,1,2024-12-05,,2025-07-06 08:04:57+10
136,1,2024-12-06,,2025-07-06 08:04:57+10
137,1,2024-12-06,,2025-07-06 08:04:57+10
138,1,2024-12-07,,2025-07-06 08:04:57+10
139,1,2024-12-09,,2025-07-06 08:04:57+10
140,1,2024-12-11,,2025-07-06 08:04:57+10
141,1,2024-12-11,,2025-07-06 08:04:57+10
142,1,2024-12-12,,2025-07-06 08:04:57+10
143,1,2024-12-12,,2025-07-06 08:04:57+10
144,1,2024-12-13,,2025-07-06 08:04:57+10
145,1,2024-12-13,,2025-07-06 08:04:57+10
146,1,2024-12-14,,2025-07-06 08:04:57+10
147,1,2024-12-14,,2025-07-06 08:04:57+10
148,1,2024-12-15,,2025-07-06 08:04:57+10
149,1,2024-12-17,,2025-07-06 08:04:57+10
150,1,2024-12-20,,2025-07-06 08:04:57+10
151,1,2024-12-20,,2025-07-06 08:04:57+10
152,1,2024-12-21,,2025-07-06 08:04:57+10
153,1,2024-12-21,,2025-07-06 08:04:57+10
154,1,2024-12-22,,2025-07-06 08:04:57+10
155,1,2024-12-23,,2025-07-06 08:04:57+10
156,1,2024-12-25,,2025-07-06 08:04:57+10
157,1,2024-12-25,,2025-07-06 08:04:57+10
158,1,2024-12-26,,2025-07-06 08:04:57+10
159,1,2024-12-26,,2025-07-06 08:04:57+10
160,1,2024-12-27,,2025-07-06 08:04:57+10
161,1,2024-12-27,,2025-07-06 08:04:57+10
162,1,2024-12-29,,2025-07-06 08:04:57+10
163,1,2024-12-30,,2025-07-06 08:04:57+10
164,1,2025-01-02,,2025-07-06 08:04:57+10
165,1,2025-01-02,,2025-07-06 08:04:57+10
166,1,2025-01-03,,2025-07-06 08:04:57+10
167,1,2025-01-04,,2025-07-06 08:04:57+10
168,1,2025-01-04,,2025-07-06 08:04:57+10
169,1,2025-01-06,,2025-07-06 08:04:57+10
170,1,2025-01-06,,2025-07-06 08:04:57+10
171,1,2025-01-08,,2025-07-06 08:04:57+10
172,1,2025-01-09,,2025-07-06 08:04:57+10
173,1,2025-01-11,,2025-07-06 08:04:57+10
174,1,2025-01-12,,2025-07-06 08:04:57+10
175,1,2025-01-12,,2025-07-06 08:04:57+10
176,1,2025-01-16,,2025-07-06 08:04:57+10
177,1,2025-01-16,,2025-07-06 08:04:57+10
178,1,2025-01-18,,2025-07-06 08:04:57+10
179,1,2025-01-18,,2025-07-06 08:04:57+10
180,1,2025-01-19,,2025-07-06 08:04:57+10
181,1,2025-01-19,,2025-07-06 08:04:57+10
182,1,2025-01-20,,2025-07-06 08:04:57+10
183,1,2025-01-20,,2025-07-06 08:04:57+10
184,1,2025-01-21,,2025-07-06 08:04:57+10
185,1,2025-01-21,,2025-07-06 08:04:57+10
186,1,2025-01-23,,2025-07-06 08:04:57+10
187,1,2025-01-23,,2025-07-06 08:04:57+10
188,1,2025-01-25,,2025-07-06 08:04:57+10
189,1,2025-01-25,,2025-07-06 08:04:57+10
190,1,2025-01-26,,2025-07-06 08:04:57+10
191,1,2025-01-26,,2025-07-06 08:04:57+10
192,1,2025-01-27,,2025-07-06 08:04:57+10
193,1,2025-01-28,,2025-07-06 08:04:57+10
194,1,2025-01-30,,2025-07-06 08:04:57+10
195,1,2025-01-30,,2025-07-06 08:04:57+10
196,1,2025-02-01,,2025-07-06 08:04:57+10
197,1,2025-02-01,,2025-07-06 08:04:57+10
198,1,2025-02-02,,2025-07-06 08:04:57+10
199,1,2025-02-02,,2025-07-06 08:04:57+10
200,1,2025-02-03,,2025-07-06 08:04:57+10
201,1,2025-02-04,,2025-07-06 08:04:57+10
202,1,2025-02-05,,2025-07-06 08:04:57+10
203,1,2025-02-05,,2025-07-06 08:04:57+10
204,1,2025-02-06,,2025-07-06 08:04:57+10
205,1,2025-02-06,,2025-07-06 08:04:57+10
206,1,2025-02-07,,2025-07-06 08:04:57+10
207,1,2025-02-07,,2025-07-06 08:04:57+10
208,1,2025-02-08,,2025-07-06 08:04:57+10
209,1,2025-02-09,,2025-07-06 08:04:57+10
210,1,2025-02-09,,2025-07-06 08:04:57+10
211,1,2025-02-10,,2025-07-06 08:04:57+10
212,1,2025-02-11,,2025-07-06 08:04:57+10
213,1,2025-02-14,,2025-07-06 08:04:57+10
214,1,2025-02-17,,2025-07-06 08:04:57+10
215,1,2025-02-17,,2025-07-06 08:04:57+10
216,1,2025-02-18,,2025-07-06 08:04:57+10
217,1,2025-02-19,,2025-07-06 08:04:57+10
218,1,2025-02-19,,2025-07-06 08:04:57+10
219,1,2025-02-22,,2025-07-06 08:04:57+10
220,1,2025-02-27,,2025-07-06 08:04:57+10
221,1,2025-02-28,,2025-07-06 08:04:57+10
222,1,2025-02-28,,2025-07-06 08:04:57+10
223,1,2025-03-01,,2025-07-06 08:04:57+10
224,1,2025-03-02,,2025-07-06 08:04:57+10
225,1,2025-03-03,,2025-07-06 08:04:57+10
226,1,2025-03-04,,2025-07-06 08:04:57+10
227,1,2025-03-08,,2025-07-06 08:04:57+10
228,1,2025-03-08,,2025-07-06 08:04:57+10
229,1,2025-03-09,,2025-07-06 08:04:57+10
230,1,2025-03-09,,2025-07-06 08:04:57+10
231,1,2025-03-11,,2025-07-06 08:04:57+10
232,1,2025-03-11,,2025-07-06 08:04:57+10
233,1,2025-03-12,,2025-07-06 08:04:57+10
234,1,2025-03-12,,2025-07-06 08:04:57+10
235,1,2025-03-13,,2025-07-06 08:04:57+10
236,1,2025-03-13,,2025-07-06 08:04:57+10
237,1,2025-03-15,,2025-07-06 08:04:57+10
238,1,2025-03-15,,2025-07-06 08:04:57+10
239,1,2025-03-16,,2025-07-06 08:04:57+10
240,1,2025-03-17,,2025-07-06 08:04:57+10
241,1,2025-03-17,,2025-07-06 08:04:57+10
242,1,2025-03-18,,2025-07-06 08:04:57+10
243,1,2025-03-18,,2025-07-06 08:04:57+10
244,1,2025-03-19,,2025-07-06 08:04:57+10
245,1,2025-03-21,,2025-07-06 08:04:57+10
246,1,2025-03-21,,2025-07-06 08:04:57+10
247,1,2025-03-22,,2025-07-06 08:04:57+10
248,1,2025-03-22,,2025-07-06 08:04:57+10
249,1,2025-03-24,,2025-07-06 08:04:57+10
250,1,2025-03-24,,2025-07-06 08:04:57+10
251,1,2025-03-25,,2025-07-06 08:04:57+10
252,1,2025-03-25,,2025-07-06 08:04:57+10
253,1,2025-03-26,,2025-07-06 08:04:57+10
254,1,2025-03-27,,2025-07-06 08:04:57+10
255,1,2025-03-28,,2025-07-06 08:04:57+10
256,1,2025-03-28,,2025-07-06 08:04:57+10
257,1,2025-03-29,,2025-07-06 08:04:57+10
258,1,2025-03-30,,2025-07-06 08:04:57+10
259,1,2025-04-01,,2025-07-06 08:04:57+10
260,1,2025-04-02,,2025-07-06 08:04:57+10
261,1,2025-04-04,,2025-07-06 08:04:57+10
262,1,2025-04-04,,2025-07-06 08:04:57+10
263,1,2025-04-06,,2025-07-06 08:04:57+10
264,1,2025-04-11,,2025-07-06 08:04:57+10
265,1,2025-04-11,,2025-07-06 08:04:57+10
266,1,2025-04-13,,2025-07-06 08:04:57+10
267,1,2025-04-13,,2025-07-06 08:04:57+10
268,1,2025-04-16,,2025-07-06 08:04:57+10
269,1,2025-04-17,,2025-07-06 08:04:57+10
270,1,2025-04-17,,2025-07-06 08:04:57+10
271,1,2025-04-20,,2025-07-06 08:04:57+10
272,1,2025-04-21,,2025-07-06 08:04:57+10
273,1,2025-04-21,,2025-07-06 08:04:57+10
274,1,2025-04-23,,2025-07-06 08:04:57+10
275,1,2025-04-24,,2025-07-06 08:04:57+10
276,1,2025-04-25,,2025-07-06 08:04:57+10
277,1,2025-04-25,,2025-07-06 08:04:57+10
278,1,2025-04-27,,2025-07-06 08:04:57+10
279,1,2025-04-29,,2025-07-06 08:04:57+10
280,1,2025-04-29,,2025-07-06 08:04:57+10
281,1,2025-04-30,,2025-07-06 08:04:57+10
282,1,2025-04-30,,2025-07-06 08:04:57+10
283,1,2025-05-02,,2025-07-06 08:04:57+10
284,1,2025-05-02,,2025-07-06 08:04:57+10
285,1,2025-05-03,,2025-07-06 08:04:57+10
286,1,2025-05-06,,2025-07-06 08:04:57+10
287,1,2025-05-07,,2025-07-06 08:04:57+10
288,1,2025-05-07,,2025-07-06 08:04:57+10
289,1,2025-05-08,,2025-07-06 08:04:57+10
290,1,2025-05-08,,2025-07-06 08:04:57+10
291,1,2025-05-09,,2025-07-06 08:04:57+10
292,1,2025-05-09,,2025-07-06 08:04:57+10
293,1,2025-05-10,,2025-07-06 08:04:57+10
294,1,2025-05-10,,2025-07-06 08:04:57+10
295,1,2025-05-11,,2025-07-06 08:04:57+10
296,1,2025-05-12,,2025-07-06 08:04:57+10
297,1,2025-05-12,,2025-07-06 08:04:57+10
298,1,2025-05-13,,2025-07-06 08:04:57+10
299,1,2025-05-13,,2025-07-06 08:04:57+10
300,1,2025-05-14,,2025-07-06 08:04:57+10
301,1,2025-05-16,,2025-07-06 08:04:57+10
302,1,2025-05-21,,2025-07-06 08:04:57+10
303,1,2025-05-21,,2025-07-06 08:04:57+10
304,1,2025-05-24,,2025-07-06 08:04:57+10
305,1,2025-05-24,,2025-07-06 08:04:57+10
306,1,2025-05-27,,2025-07-06 08:04:57+10
307,1,2025-05-27,,2025-07-06 08:04:57+10
308,1,2025-05-29,,2025-07-06 08:04:57+10
309,1,2025-05-29,,2025-07-06 08:04:57+10
310,1,2025-05-31,,2025-07-06 08:04:57+10
311,1,2025-05-31,,2025-07-06 08:04:57+10
312,1,2025-06-01,,2025-07-06 08:04:57+10
313,1,2025-06-01,,2025-07-06 08:04:57+10
314,1,2025-06-02,,2025-07-06 08:04:57+10
315,1,2025-06-02,,2025-07-06 08:04:57+10
316,1,2025-06-03,,2025-07-06 08:04:57+10
317,1,2025-06-04,,2025-07-06 08:04:57+10
318,1,2025-06-04,,2025-07-06 08:04:57+10
319,1,2025-06-05,,2025-07-06 08:04:57+10
320,1,2025-06-06,,2025-07-06 08:04:57+10
321,1,2025-06-06,,2025-07-06 08:04:57+10
322,1,2025-06-07,,2025-07-06 08:04:57+10
323,1,2025-06-08,,2025-07-06 08:04:57+10
324,1,2025-06-11,,2025-07-06 08:04:57+10
325,1,2025-06-12,,2025-07-06 08:04:57+10
326,1,2025-06-12,,2025-07-06 08:04:57+10
327,1,2025-06-14,,2025-07-06 08:04:57+10
328,1,2025-06-14,,2025-07-06 08:04:57+10
329,1,2025-06-17,,2025-07-06 08:04:57+10
330,1,2025-06-17,,2025-07-06 08:04:57+10
331,1,2025-06-18,,2025-07-06 08:04:57+10
332,1,2025-06-18,,2025-07-06 08:04:57+10
333,1,2025-06-22,,2025-07-06 08:04:57+10
334,1,2025-06-22,,2025-07-06 08:04:57+10
335,1,2025-06-23,,2025-07-06 08:04:57+10
336,1,2025-06-23,,2025-07-06 08:04:57+10
337,1,2025-06-24,,2025-07-06 08:04:57+10
338,1,2025-06-24,,2025-07-06 08:04:57+10
339,1,2025-06-29,,2025-07-06 08:04:57+10
340,1,2025-06-29,,2025-07-06 08:04:57+10
341,1,2025-07-02,,2025-07-06 08:04:57+10
342,1,2025-07-05,,2025-07-06 08:04:57+10
343,1,2020-11-11,,2025-07-06 09:32:16+10
344,1,2020-11-19,,2025-07-06 09:32:16+10
345,1,2020-12-09,,2025-07-06 09:32:16+10
346,1,2020-12-15,,2025-07-06 09:32:16+10
347,1,2020-12-21,,2025-07-06 09:32:16+10
348,1,2020-12-26,,2025-07-06 09:32:16+10
349,1,2021-01-03,,2025-07-06 09:32:16+10
350,1,2021-01-08,,2025-07-06 09:32:16+10
351,1,2021-01-13,,2025-07-06 09:32:16+10
352,1,2021-01-18,,2025-07-06 09:32:16+10
353,1,2021-01-23,,2025-07-06 09:32:16+10
354,1,2021-01-29,,2025-07-06 09:32:16+10
355,1,2021-02-04,,2025-07-06 09:32:16+10
356,1,2021-02-09,,2025-07-06 09:32:16+10
357,1,2021-02-18,,2025-07-06 09:32:16+10
358,1,2021-02-22,,2025-07-06 09:32:16+10
359,1,2021-02-28,,2025-07-06 09:32:16+10
360,1,2021-03-05,,2025-07-06 09:32:16+10
361,1,2021-03-10,,2025-07-06 09:32:16+10
362,1,2021-03-15,,2025-07-06 09:32:16+10
363,1,2021-03-21,,2025-07-06 09:32:16+10
364,1,2021-03-26,,2025-07-06 09:32:16+10
365,1,2021-03-31,,2025-07-06 09:32:16+10
366,1,2021-04-06,,2025-07-06 09:32:16+10
367,1,2021-04-11,,2025-07-06 09:32:16+10
368,1,2021-04-22,,2025-07-06 09:32:16+10
369,1,2021-04-29,,2025-07-06 09:32:16+10
370,1,2021-05-03,,2025-07-06 09:32:16+10
371,1,2021-05-08,,2025-07-06 09:32:16+10
372,1,2020-11-29,,2025-07-06 09:32:16+10
373,1,2021-05-18,,2025-07-06 09:32:16+10
374,1,2021-05-30,,2025-07-06 09:32:16+10
375,1,2021-06-07,,2025-07-06 09:32:16+10
376,1,2021-06-18,,2025-07-06 09:32:16+10
377,1,2021-06-23,,2025-07-06 09:32:16+10
378,1,2021-06-28,,2025-07-06 09:32:16+10
379,1,2021-07-03,,2025-07-06 09:32:16+10
380,1,2021-07-08,,2025-07-06 09:32:16+10
381,1,2021-11-10,,2025-07-06 09:32:16+10
382,1,2021-11-15,,2025-07-06 09:32:16+10
383,1,2021-11-19,,2025-07-06 09:32:16+10
384,1,2021-11-23,,2025-07-06 09:32:16+10
385,1,2021-11-30,,2025-07-06 09:32:16+10
386,1,2021-12-12,,2025-07-06 09:32:16+10
387,1,2021-12-16,,2025-07-06 09:32:16+10
388,1,2021-12-21,,2025-07-06 09:32:16+10
389,1,2021-12-25,,2025-07-06 09:32:16+10
390,1,2021-12-29,,2025-07-06 09:32:16+10
391,1,2022-01-04,,2025-07-06 09:32:16+10
392,1,2022-01-08,,2025-07-06 09:32:16+10
393,1,2022-01-13,,2025-07-06 09:32:16+10
394,1,2022-01-17,,2025-07-06 09:32:16+10
395,1,2022-01-22,,2025-07-06 09:32:16+10
396,1,2022-01-27,,2025-07-06 09:32:16+10
397,1,2022-02-01,,2025-07-06 09:32:16+10
398,1,2022-02-05,,2025-07-06 09:32:16+10
399,1,2022-02-10,,2025-07-06 09:32:16+10
400,1,2022-02-16,,2025-07-06 09:32:16+10
401,1,2022-02-22,,2025-07-06 09:32:16+10
402,1,2022-02-27,,2025-07-06 09:32:16+10
403,1,2022-03-05,,2025-07-06 09:32:16+10
404,1,2022-03-18,,2025-07-06 09:32:16+10
405,1,2022-03-27,,2025-07-06 09:32:16+10
406,1,2022-04-07,,2025-07-06 09:32:16+10
407,1,2022-04-11,,2025-07-06 09:32:16+10
408,1,2022-04-17,,2025-07-06 09:32:16+10
409,1,2022-04-23,,2025-07-06 09:32:16+10
410,1,2022-04-28,,2025-07-06 09:32:16+10
411,1,2022-05-04,,2025-07-06 09:32:16+10
412,1,2022-05-15,,2025-07-06 09:32:16+10
413,1,2022-05-20,,2025-07-06 09:32:16+10
414,1,2022-05-27,,2025-07-06 09:32:16+10
415,1,2022-06-01,,2025-07-06 09:32:16+10
416,1,2022-06-05,,2025-07-06 09:32:16+10
417,1,2022-06-10,,2025-07-06 09:32:16+10
418,1,2022-06-15,,2025-07-06 09:32:16+10
419,1,2022-06-22,,2025-07-06 09:32:16+10
420,1,2022-06-28,,2025-07-06 09:32:16+10
421,1,2022-07-03,,2025-07-06 09:32:16+10
422,1,2022-07-08,,2025-07-06 09:32:16+10
423,1,2022-07-12,,2025-07-06 09:32:16+10
424,1,2022-07-19,,2025-07-06 09:32:16+10
425,1,2022-08-01,,2025-07-06 09:32:16+10
426,1,2022-08-06,,2025-07-06 09:32:16+10
427,1,2022-08-11,,2025-07-06 09:32:16+10
428,1,2022-08-16,,2025-07-06 09:32:16+10
429,1,2022-08-22,,2025-07-06 09:32:16+10
430,1,2022-08-28,,2025-07-06 09:32:16+10
431,1,2022-09-09,,2025-07-06 09:32:16+10
432,1,2022-09-13,,2025-07-06 09:32:16+10
433,1,2022-09-18,,2025-07-06 09:32:16+10
434,1,2022-09-25,,2025-07-06 09:32:16+10
435,1,2022-10-01,,2025-07-06 09:32:16+10
436,1,2022-10-06,,2025-07-06 09:32:16+10
437,1,2022-10-12,,2025-07-06 09:32:16+10
438,1,2022-10-17,,2025-07-06 09:32:16+10
439,1,2022-10-22,,2025-07-06 09:32:16+10
440,1,2022-10-28,,2025-07-06 09:32:16+10
441,1,2022-11-22,,2025-07-06 09:32:16+10
442,1,2022-12-10,,2025-07-06 09:32:16+10
443,1,2023-01-16,,2025-07-06 09:32:16+10
444,1,2023-01-23,,2025-07-06 09:32:16+10
445,1,2023-03-01,,2025-07-06 09:32:16+10
446,1,2023-03-12,,2025-07-06 09:32:16+10
447,1,2023-03-19,,2025-07-06 09:32:16+10
448,1,2023-04-04,,2025-07-06 09:32:16+10
449,1,2023-04-11,,2025-07-06 09:32:16+10
450,1,2023-04-19,,2025-07-06 09:32:16+10
451,1,2023-05-02,,2025-07-06 09:32:16+10
452,1,2023-05-07,,2025-07-06 09:32:16+10
453,1,2023-06-15,,2025-07-06 09:32:16+10
454,1,2020-11-24,,2025-07-06 09:32:16+10
455,1,2023-07-10,,2025-07-06 09:32:16+10
456,1,2023-07-18,,2025-07-06 09:32:16+10
457,1,2023-07-25,,2025-07-06 09:32:16+10
458,1,2023-08-05,,2025-07-06 09:32:16+10
459,1,2023-08-12,,2025-07-06 09:32:16+10
460,1,2023-08-21,,2025-07-06 09:32:16+10
461,1,2023-08-31,,2025-07-06 09:32:16+10
462,1,2023-09-16,,2025-07-06 09:32:16+10
463,1,2023-09-23,,2025-07-06 09:32:16+10
464,1,2023-09-26,,2025-07-06 09:32:16+10
465,1,2023-09-28,,2025-07-06 09:32:16+10
466,1,2023-10-09,,2025-07-06 09:32:16+10
467,1,2023-10-22,,2025-07-06 09:32:16+10
468,1,2023-10-28,,2025-07-06 09:32:16+10
469,1,2023-11-02,,2025-07-06 09:32:16+10
470,1,2023-11-07,,2025-07-06 09:32:16+10
471,1,2023-11-18,,2025-07-06 09:32:16+10
472,1,2023-11-23,,2025-07-06 09:32:16+10
473,1,2023-11-28,,2025-07-06 09:32:16+10
474,1,2023-12-02,,2025-07-06 09:32:16+10
475,1,2023-12-06,,2025-07-06 09:32:16+10
476,1,2023-12-11,,2025-07-06 09:32:16+10
477,1,2023-12-16,,2025-07-06 09:32:16+10
478,1,2023-12-21,,2025-07-06 09:32:16+10
479,1,2023-12-31,,2025-07-06 09:32:16+10
480,1,2024-01-06,,2025-07-06 09:32:16+10
481,1,2024-01-12,,2025-07-06 09:32:16+10
482,1,2024-01-23,,2025-07-06 09:32:16+10
483,1,2024-01-30,,2025-07-06 09:32:16+10
484,1,2024-02-04,,2025-07-06 09:32:16+10
485,1,2024-02-09,,2025-07-06 09:32:16+10
486,1,2024-02-15,,2025-07-06 09:32:16+10
487,1,2024-02-20,,2025-07-06 09:32:16+10
488,1,2024-02-25,,2025-07-06 09:32:16+10
489,1,2024-03-02,,2025-07-06 09:32:16+10
490,1,2024-03-09,,2025-07-06 09:32:16+10
491,1,2024-03-14,,2025-07-06 09:32:16+10
492,1,2024-03-20,,2025-07-06 09:32:16+10
493,1,2024-03-27,,2025-07-06 09:32:16+10
494,1,2024-04-04,,2025-07-06 09:32:16+10
495,1,2024-04-09,,2025-07-06 09:32:16+10
496,1,2024-04-20,,2025-07-06 09:32:16+10
497,1,2024-04-24,,2025-07-06 09:32:16+10
498,1,2024-04-29,,2025-07-06 09:32:16+10
499,1,2024-05-04,,2025-07-06 09:32:16+10
500,1,2024-05-09,,2025-07-06 09:32:16+10
501,1,2024-05-14,,2025-07-06 09:32:16+10
502,1,2024-05-24,,2025-07-06 09:32:16+10
503,1,2024-05-30,,2025-07-06 09:32:16+10
504,1,2024-06-04,,2025-07-06 09:32:16+10
505,1,2024-06-14,,2025-07-06 09:32:16+10
506,1,2024-06-19,,2025-07-06 09:32:16+10
507,1,2024-06-23,,2025-07-06 09:32:16+10
508,1,2024-07-05,,2025-07-06 09:32:16+10
509,1,2024-07-10,,2025-07-06 09:32:16+10
510,1,2024-07-14,,2025-07-06 09:32:16+10
511,1,2024-07-19,,2025-07-06 09:32:16+10
512,1,2024-07-23,,2025-07-06 09:32:16+10
513,1,2024-07-28,,2025-07-06 09:32:16+10
514,1,2024-08-02,,2025-07-06 09:32:16+10
515,1,2024-08-06,,2025-07-06 09:32:16+10
516,1,2024-08-11,,2025-07-06 09:32:16+10
517,1,2024-08-16,,2025-07-06 09:32:16+10
518,1,2024-08-21,,2025-07-06 09:32:16+10
519,1,2024-08-25,,2025-07-06 09:32:16+10
520,1,2024-09-02,,2025-07-06 09:32:16+10
521,1,2024-09-07,,2025-07-06 09:32:16+10
522,1,2024-09-12,,2025-07-06 09:32:16+10
523,1,2024-09-18,,2025-07-06 09:32:16+10
524,1,2024-09-26,,2025-07-06 09:32:16+10
525,1,2024-09-30,,2025-07-06 09:32:16+10
526,1,2024-10-05,,2025-07-06 09:32:16+10
527,1,2024-10-19,,2025-07-06 09:32:16+10
528,1,2024-10-23,,2025-07-06 09:32:16+10
529,1,2024-10-31,,2025-07-06 09:32:16+10
530,1,2024-11-13,,2025-07-06 09:32:16+10
531,1,2024-11-17,,2025-07-06 09:32:16+10
532,1,2024-11-23,,2025-07-06 09:32:16+10
533,1,2024-11-27,,2025-07-06 09:32:16+10
534,1,2024-12-01,,2025-07-06 09:32:16+10
535,1,2024-12-05,,2025-07-06 09:32:16+10
536,1,2024-12-09,,2025-07-06 09:32:16+10
537,1,2024-12-13,,2025-07-06 09:32:16+10
538,1,2024-12-18,,2025-07-06 09:32:16+10
539,1,2024-12-22,,2025-07-06 09:32:16+10
540,1,2024-12-25,,2025-07-06 09:32:16+10
541,1,2024-12-29,,2025-07-06 09:32:16+10
542,1,2025-01-02,,2025-07-06 09:32:16+10
543,1,2025-01-06,,2025-07-06 09:32:16+10
544,1,2025-01-10,,2025-07-06 09:32:16+10
545,1,2025-01-14,,2025-07-06 09:32:16+10
546,1,2025-01-18,,2025-07-06 09:32:16+10
547,1,2025-01-23,,2025-07-06 09:32:16+10
548,1,2025-01-29,,2025-07-06 09:32:16+10
549,1,2025-02-03,,2025-07-06 09:32:16+10
550,1,2025-02-07,,2025-07-06 09:32:16+10
551,1,2025-02-11,,2025-07-06 09:32:16+10
552,1,2025-02-15,,2025-07-06 09:32:16+10
553,1,2025-02-19,,2025-07-06 09:32:16+10
554,1,2025-02-24,,2025-07-06 09:32:16+10
555,1,2025-02-28,,2025-07-06 09:32:16+10
556,1,2025-03-03,,2025-07-06 09:32:16+10
557,1,2025-03-10,,2025-07-06 09:32:16+10
558,1,2025-03-13,,2025-07-06 09:32:16+10
559,1,2025-03-24,,2025-07-06 09:32:16+10
560,1,2025-03-31,,2025-07-06 09:32:16+10
561,1,2025-04-03,,2025-07-06 09:32:16+10
562,1,2025-04-07,,2025-07-06 09:32:16+10
563,1,2025-04-10,,2025-07-06 09:32:16+10
564,1,2025-05-01,,2025-07-06 09:32:16+10
565,1,2025-05-03,,2025-07-06 09:32:16+10
566,1,2025-05-05,,2025-07-06 09:32:16+10
567,1,2025-05-12,,2025-07-06 09:32:16+10
568,1,2025-05-15,,2025-07-06 09:32:16+10
569,1,2025-05-20,,2025-07-06 09:32:16+10
570,1,2025-05-22,,2025-07-06 09:32:16+10
571,1,2025-05-29,,2025-07-06 09:32:16+10
572,1,2025-06-06,,2025-07-06 09:32:16+10
573,1,2025-06-12,,2025-07-06 09:32:16+10
574,1,2025-06-16,,2025-07-06 09:32:16+10
575,1,2025-06-19,,2025-07-06 09:32:16+10
576,1,2025-06-23,,2025-07-06 09:32:16+10
577,1,2025-06-26,,2025-07-06 09:32:16+10
578,1,2025-06-30,,2025-07-06 09:32:16+10
579,1,2025-07-03,,2025-07-06 09:32:16+10
580,1,2020-12-04,,2025-07-06 09:32:16+10
581,1,2023-06-22,,2025-07-06 09:32:16+10
582,1,2021-05-13,,2025-07-06 09:32:16+10
583,1,2020-11-13,,2025-07-06 09:40:26+10
584,1,2020-12-03,,2025-07-06 09:40:26+10
585,1,2020-12-08,,2025-07-06 09:40:26+10
586,1,2020-12-14,,2025-07-06 09:40:26+10
587,1,2020-12-25,,2025-07-06 09:40:26+10
588,1,2021-01-07,,2025-07-06 09:40:26+10
589,1,2021-01-12,,2025-07-06 09:40:26+10
590,1,2021-01-17,,2025-07-06 09:40:26+10
591,1,2021-01-22,,2025-07-06 09:40:26+10
592,1,2021-01-28,,2025-07-06 09:40:26+10
593,1,2021-02-02,,2025-07-06 09:40:26+10
594,1,2021-02-08,,2025-07-06 09:40:26+10
595,1,2021-02-12,,2025-07-06 09:40:26+10
596,1,2021-02-22,,2025-07-06 09:40:26+10
597,1,2021-02-27,,2025-07-06 09:40:26+10
598,1,2021-03-04,,2025-07-06 09:40:26+10
599,1,2021-03-09,,2025-07-06 09:40:26+10
600,1,2021-03-14,,2025-07-06 09:40:26+10
601,1,2021-03-19,,2025-07-06 09:40:26+10
602,1,2021-03-25,,2025-07-06 09:40:26+10
603,1,2021-03-30,,2025-07-06 09:40:26+10
604,1,2021-04-10,,2025-07-06 09:40:26+10
605,1,2021-04-15,,2025-07-06 09:40:26+10
606,1,2021-04-22,,2025-07-06 09:40:26+10
607,1,2021-05-02,,2025-07-06 09:40:26+10
608,1,2021-05-07,,2025-07-06 09:40:26+10
609,1,2021-05-12,,2025-07-06 09:40:26+10
610,1,2021-05-17,,2025-07-06 09:40:26+10
611,1,2021-05-22,,2025-07-06 09:40:26+10
612,1,2021-05-29,,2025-07-06 09:40:26+10
613,1,2021-06-22,,2025-07-06 09:40:26+10
614,1,2021-06-27,,2025-07-06 09:40:26+10
615,1,2021-07-02,,2025-07-06 09:40:26+10
616,1,2021-11-13,,2025-07-06 09:40:26+10
617,1,2021-11-18,,2025-07-06 09:40:26+10
618,1,2021-11-22,,2025-07-06 09:40:26+10
619,1,2021-12-03,,2025-07-06 09:40:26+10
620,1,2021-12-11,,2025-07-06 09:40:26+10
621,1,2021-12-15,,2025-07-06 09:40:26+10
622,1,2021-12-20,,2025-07-06 09:40:26+10
623,1,2021-12-24,,2025-07-06 09:40:26+10
624,1,2021-12-28,,2025-07-06 09:40:26+10
625,1,2022-01-03,,2025-07-06 09:40:26+10
626,1,2022-01-21,,2025-07-06 09:40:26+10
627,1,2022-01-26,,2025-07-06 09:40:26+10
628,1,2022-01-31,,2025-07-06 09:40:26+10
629,1,2022-02-04,,2025-07-06 09:40:26+10
630,1,2022-02-09,,2025-07-06 09:40:26+10
631,1,2022-02-15,,2025-07-06 09:40:26+10
632,1,2022-02-21,,2025-07-06 09:40:26+10
633,1,2022-02-26,,2025-07-06 09:40:26+10
634,1,2022-03-03,,2025-07-06 09:40:26+10
635,1,2022-03-09,,2025-07-06 09:40:26+10
636,1,2022-03-18,,2025-07-06 09:40:26+10
637,1,2022-03-22,,2025-07-06 09:40:26+10
638,1,2022-03-30,,2025-07-06 09:40:26+10
639,1,2022-04-10,,2025-07-06 09:40:26+10
640,1,2022-04-21,,2025-07-06 09:40:26+10
641,1,2022-04-27,,2025-07-06 09:40:26+10
642,1,2022-05-03,,2025-07-06 09:40:26+10
643,1,2022-05-19,,2025-07-06 09:40:26+10
644,1,2022-05-26,,2025-07-06 09:40:26+10
645,1,2022-05-31,,2025-07-06 09:40:26+10
646,1,2022-06-03,,2025-07-06 09:40:26+10
647,1,2022-06-09,,2025-07-06 09:40:26+10
648,1,2022-06-14,,2025-07-06 09:40:26+10
649,1,2022-06-27,,2025-07-06 09:40:26+10
650,1,2022-07-02,,2025-07-06 09:40:26+10
651,1,2022-07-07,,2025-07-06 09:40:26+10
652,1,2022-07-11,,2025-07-06 09:40:26+10
653,1,2022-07-18,,2025-07-06 09:40:26+10
654,1,2022-07-28,,2025-07-06 09:40:26+10
655,1,2022-08-05,,2025-07-06 09:40:26+10
656,1,2022-08-15,,2025-07-06 09:40:26+10
657,1,2022-08-21,,2025-07-06 09:40:26+10
658,1,2022-09-02,,2025-07-06 09:40:26+10
659,1,2022-09-08,,2025-07-06 09:40:26+10
660,1,2022-09-26,,2025-07-06 09:40:26+10
661,1,2022-09-30,,2025-07-06 09:40:26+10
662,1,2022-10-05,,2025-07-06 09:40:26+10
663,1,2022-10-16,,2025-07-06 09:40:26+10
664,1,2022-10-21,,2025-07-06 09:40:26+10
665,1,2022-10-27,,2025-07-06 09:40:26+10
666,1,2022-11-01,,2025-07-06 09:40:26+10
667,1,2022-11-08,,2025-07-06 09:40:26+10
668,1,2022-11-15,,2025-07-06 09:40:26+10
669,1,2022-12-01,,2025-07-06 09:40:26+10
670,1,2023-01-15,,2025-07-06 09:40:26+10
671,1,2023-03-06,,2025-07-06 09:40:26+10
672,1,2023-03-16,,2025-07-06 09:40:26+10
673,1,2023-03-23,,2025-07-06 09:40:26+10
674,1,2023-04-03,,2025-07-06 09:40:26+10
675,1,2023-04-10,,2025-07-06 09:40:26+10
676,1,2023-04-18,,2025-07-06 09:40:26+10
677,1,2023-04-24,,2025-07-06 09:40:26+10
678,1,2023-05-01,,2025-07-06 09:40:26+10
679,1,2023-05-06,,2025-07-06 09:40:26+10
680,1,2023-05-18,,2025-07-06 09:40:26+10
681,1,2023-06-07,,2025-07-06 09:40:26+10
682,1,2023-06-11,,2025-07-06 09:40:26+10
683,1,2023-07-03,,2025-07-06 09:40:26+10
684,1,2023-07-09,,2025-07-06 09:40:26+10
685,1,2023-07-17,,2025-07-06 09:40:26+10
686,1,2023-07-23,,2025-07-06 09:40:26+10
687,1,2023-07-29,,2025-07-06 09:40:26+10
688,1,2023-08-03,,2025-07-06 09:40:26+10
689,1,2023-08-10,,2025-07-06 09:40:26+10
690,1,2023-08-17,,2025-07-06 09:40:26+10
691,1,2023-08-30,,2025-07-06 09:40:26+10
692,1,2023-09-14,,2025-07-06 09:40:26+10
693,1,2023-09-21,,2025-07-06 09:40:26+10
694,1,2023-10-03,,2025-07-06 09:40:26+10
695,1,2023-10-13,,2025-07-06 09:40:26+10
696,1,2023-10-21,,2025-07-06 09:40:26+10
697,1,2023-10-26,,2025-07-06 09:40:26+10
698,1,2023-11-01,,2025-07-06 09:40:26+10
699,1,2023-11-06,,2025-07-06 09:40:26+10
700,1,2023-11-12,,2025-07-06 09:40:26+10
701,1,2023-11-17,,2025-07-06 09:40:26+10
702,1,2023-11-27,,2025-07-06 09:40:26+10
703,1,2023-12-05,,2025-07-06 09:40:26+10
704,1,2023-12-10,,2025-07-06 09:40:26+10
705,1,2023-12-30,,2025-07-06 09:40:26+10
706,1,2024-01-05,,2025-07-06 09:40:26+10
707,1,2024-01-11,,2025-07-06 09:40:26+10
708,1,2024-01-22,,2025-07-06 09:40:26+10
709,1,2024-01-29,,2025-07-06 09:40:26+10
710,1,2024-02-03,,2025-07-06 09:40:26+10
711,1,2024-02-14,,2025-07-06 09:40:26+10
712,1,2024-02-19,,2025-07-06 09:40:26+10
713,1,2024-02-24,,2025-07-06 09:40:26+10
714,1,2024-03-19,,2025-07-06 09:40:26+10
715,1,2024-03-07,,2025-07-06 09:40:26+10
716,1,2024-04-03,,2025-07-06 09:40:26+10
717,1,2024-03-26,,2025-07-06 09:40:26+10
718,1,2024-03-13,,2025-07-06 09:40:26+10
719,1,2024-04-08,,2025-07-06 09:40:26+10
720,1,2024-04-19,,2025-07-06 09:40:26+10
721,1,2024-04-23,,2025-07-06 09:40:26+10
722,1,2024-04-28,,2025-07-06 09:40:26+10
723,1,2024-05-03,,2025-07-06 09:40:26+10
724,1,2024-05-08,,2025-07-06 09:40:26+10
725,1,2024-05-13,,2025-07-06 09:40:26+10
726,1,2024-05-18,,2025-07-06 09:40:26+10
727,1,2024-05-29,,2025-07-06 09:40:26+10
728,1,2024-06-03,,2025-07-06 09:40:26+10
729,1,2024-06-04,,2025-07-06 09:40:26+10
730,1,2024-06-08,,2025-07-06 09:40:26+10
731,1,2024-06-13,,2025-07-06 09:40:26+10
732,1,2024-06-18,,2025-07-06 09:40:26+10
733,1,2024-06-22,,2025-07-06 09:40:26+10
734,1,2024-07-07,,2025-07-06 09:40:26+10
735,1,2024-07-13,,2025-07-06 09:40:26+10
736,1,2024-07-18,,2025-07-06 09:40:26+10
737,1,2024-07-22,,2025-07-06 09:40:26+10
738,1,2024-07-27,,2025-07-06 09:40:26+10
739,1,2024-08-01,,2025-07-06 09:40:26+10
740,1,2024-08-05,,2025-07-06 09:40:26+10
741,1,2024-08-10,,2025-07-06 09:40:26+10
742,1,2024-08-15,,2025-07-06 09:40:26+10
743,1,2024-08-24,,2025-07-06 09:40:26+10
744,1,2024-08-28,,2025-07-06 09:40:26+10
745,1,2024-09-01,,2025-07-06 09:40:26+10
746,1,2024-09-11,,2025-07-06 09:40:26+10
747,1,2024-09-16,,2025-07-06 09:40:26+10
748,1,2024-09-25,,2025-07-06 09:40:26+10
749,1,2024-09-29,,2025-07-06 09:40:26+10
750,1,2024-10-04,,2025-07-06 09:40:26+10
751,1,2024-10-09,,2025-07-06 09:40:26+10
752,1,2024-10-13,,2025-07-06 09:40:26+10
753,1,2024-10-22,,2025-07-06 09:40:26+10
754,1,2024-10-26,,2025-07-06 09:40:26+10
755,1,2024-10-30,,2025-07-06 09:40:26+10
756,1,2024-11-03,,2025-07-06 09:40:26+10
757,1,2024-11-08,,2025-07-06 09:40:26+10
758,1,2024-11-12,,2025-07-06 09:40:26+10
759,1,2024-11-21,,2025-07-06 09:40:26+10
760,1,2024-11-26,,2025-07-06 09:40:26+10
761,1,2024-11-30,,2025-07-06 09:40:26+10
762,1,2024-12-12,,2025-07-06 09:40:26+10
763,1,2024-12-16,,2025-07-06 09:40:26+10
764,1,2024-12-24,,2025-07-06 09:40:26+10
765,1,2024-12-28,,2025-07-06 09:40:26+10
766,1,2025-01-01,,2025-07-06 09:40:26+10
767,1,2025-01-05,,2025-07-06 09:40:26+10
768,1,2025-01-09,,2025-07-06 09:40:26+10
769,1,2025-01-22,,2025-07-06 09:40:26+10
770,1,2025-01-17,,2025-07-06 09:40:26+10
771,1,2025-01-28,,2025-07-06 09:40:26+10
772,1,2025-02-01,,2025-07-06 09:40:26+10
773,1,2025-02-06,,2025-07-06 09:40:26+10
774,1,2025-02-10,,2025-07-06 09:40:26+10
775,1,2025-02-14,,2025-07-06 09:40:26+10
776,1,2025-02-18,,2025-07-06 09:40:26+10
777,1,2025-02-22,,2025-07-06 09:40:26+10
778,1,2025-03-15,,2025-07-06 09:40:26+10
779,1,2025-03-23,,2025-07-06 09:40:26+10
780,1,2025-03-30,,2025-07-06 09:40:26+10
781,1,2025-04-06,,2025-07-06 09:40:26+10
782,1,2025-05-03,,2025-07-06 09:40:26+10
783,1,2025-05-11,,2025-07-06 09:40:26+10
784,1,2025-05-17,,2025-07-06 09:40:26+10
785,1,2025-05-25,,2025-07-06 09:40:26+10
786,1,2025-05-28,,2025-07-06 09:40:26+10
787,1,2025-06-15,,2025-07-06 09:40:26+10
788,1,2025-06-22,,2025-07-06 09:40:26+10
789,1,2025-06-28,,2025-07-06 09:40:26+10
790,1,2025-07-06,,2025-07-06 09:40:26+10
791,1,2020-11-23,,2025-07-06 09:40:26+10
792,1,2020-11-28,,2025-07-06 09:40:26+10
793,1,2020-11-18,,2025-07-06 09:40:26+10
794,1,2020-11-11,,2025-07-06 09:52:42+10
795,1,2020-11-19,,2025-07-06 09:52:42+10
796,1,2020-12-09,,2025-07-06 09:52:42+10
797,1,2020-12-15,,2025-07-06 09:52:42+10
798,1,2020-12-21,,2025-07-06 09:52:42+10
799,1,2020-12-26,,2025-07-06 09:52:42+10
800,1,2021-01-03,,2025-07-06 09:52:42+10
801,1,2021-01-08,,2025-07-06 09:52:42+10
802,1,2021-01-13,,2025-07-06 09:52:42+10
803,1,2021-01-18,,2025-07-06 09:52:42+10
804,1,2021-01-23,,2025-07-06 09:52:42+10
805,1,2021-01-29,,2025-07-06 09:52:42+10
806,1,2021-02-04,,2025-07-06 09:52:42+10
807,1,2021-02-09,,2025-07-06 09:52:42+10
808,1,2021-02-18,,2025-07-06 09:52:42+10
809,1,2021-02-22,,2025-07-06 09:52:42+10
810,1,2021-02-28,,2025-07-06 09:52:42+10
811,1,2021-03-05,,2025-07-06 09:52:42+10
812,1,2021-03-10,,2025-07-06 09:52:42+10
813,1,2021-03-15,,2025-07-06 09:52:42+10
814,1,2021-03-21,,2025-07-06 09:52:42+10
815,1,2021-03-26,,2025-07-06 09:52:42+10
816,1,2021-03-31,,2025-07-06 09:52:42+10
817,1,2021-04-06,,2025-07-06 09:52:42+10
818,1,2021-04-11,,2025-07-06 09:52:42+10
819,1,2021-04-22,,2025-07-06 09:52:42+10
820,1,2021-04-29,,2025-07-06 09:52:42+10
821,1,2021-05-03,,2025-07-06 09:52:42+10
822,1,2021-05-08,,2025-07-06 09:52:42+10
823,1,2021-05-13,,2025-07-06 09:52:42+10
824,1,2021-05-18,,2025-07-06 09:52:42+10
825,1,2021-05-30,,2025-07-06 09:52:42+10
826,1,2021-06-07,,2025-07-06 09:52:42+10
827,1,2021-06-18,,2025-07-06 09:52:42+10
828,1,2021-06-23,,2025-07-06 09:52:42+10
829,1,2021-06-28,,2025-07-06 09:52:42+10
830,1,2021-07-03,,2025-07-06 09:52:42+10
831,1,2021-07-08,,2025-07-06 09:52:42+10
832,1,2021-11-10,,2025-07-06 09:52:42+10
833,1,2021-11-15,,2025-07-06 09:52:42+10
834,1,2021-11-19,,2025-07-06 09:52:42+10
835,1,2021-11-23,,2025-07-06 09:52:42+10
836,1,2021-11-30,,2025-07-06 09:52:42+10
837,1,2021-12-12,,2025-07-06 09:52:42+10
838,1,2021-12-16,,2025-07-06 09:52:42+10
839,1,2021-12-21,,2025-07-06 09:52:42+10
840,1,2021-12-25,,2025-07-06 09:52:42+10
841,1,2021-12-29,,2025-07-06 09:52:42+10
842,1,2022-01-08,,2025-07-06 09:52:42+10
843,1,2022-01-04,,2025-07-06 09:52:42+10
844,1,2022-01-13,,2025-07-06 09:52:42+10
845,1,2022-01-17,,2025-07-06 09:52:42+10
846,1,2022-01-22,,2025-07-06 09:52:42+10
847,1,2022-01-27,,2025-07-06 09:52:42+10
848,1,2022-02-01,,2025-07-06 09:52:42+10
849,1,2022-02-05,,2025-07-06 09:52:42+10
850,1,2022-02-10,,2025-07-06 09:52:42+10
851,1,2022-02-16,,2025-07-06 09:52:42+10
852,1,2022-02-22,,2025-07-06 09:52:42+10
853,1,2022-02-27,,2025-07-06 09:52:42+10
854,1,2022-03-05,,2025-07-06 09:52:42+10
855,1,2022-03-18,,2025-07-06 09:52:42+10
856,1,2022-03-27,,2025-07-06 09:52:42+10
857,1,2022-04-07,,2025-07-06 09:52:42+10
858,1,2022-04-11,,2025-07-06 09:52:42+10
859,1,2022-04-17,,2025-07-06 09:52:42+10
860,1,2022-04-23,,2025-07-06 09:52:42+10
861,1,2022-04-28,,2025-07-06 09:52:42+10
862,1,2022-05-04,,2025-07-06 09:52:42+10
863,1,2022-05-15,,2025-07-06 09:52:42+10
864,1,2022-05-20,,2025-07-06 09:52:42+10
865,1,2022-05-27,,2025-07-06 09:52:42+10
866,1,2022-06-01,,2025-07-06 09:52:42+10
867,1,2022-06-05,,2025-07-06 09:52:42+10
868,1,2022-06-10,,2025-07-06 09:52:42+10
869,1,2022-06-15,,2025-07-06 09:52:42+10
870,1,2022-06-22,,2025-07-06 09:52:42+10
871,1,2022-06-28,,2025-07-06 09:52:42+10
872,1,2022-07-03,,2025-07-06 09:52:42+10
873,1,2022-07-08,,2025-07-06 09:52:42+10
874,1,2022-07-12,,2025-07-06 09:52:42+10
875,1,2022-07-19,,2025-07-06 09:52:42+10
876,1,2022-08-01,,2025-07-06 09:52:42+10
877,1,2022-08-06,,2025-07-06 09:52:42+10
878,1,2022-08-11,,2025-07-06 09:52:42+10
879,1,2022-08-16,,2025-07-06 09:52:42+10
880,1,2022-08-22,,2025-07-06 09:52:42+10
881,1,2022-08-28,,2025-07-06 09:52:42+10
882,1,2022-09-09,,2025-07-06 09:52:42+10
883,1,2022-09-13,,2025-07-06 09:52:42+10
884,1,2022-09-18,,2025-07-06 09:52:42+10
885,1,2022-09-25,,2025-07-06 09:52:42+10
886,1,2022-10-01,,2025-07-06 09:52:42+10
887,1,2022-10-06,,2025-07-06 09:52:42+10
888,1,2022-10-12,,2025-07-06 09:52:42+10
889,1,2022-10-17,,2025-07-06 09:52:42+10
890,1,2022-10-22,,2025-07-06 09:52:42+10
891,1,2022-10-28,,2025-07-06 09:52:42+10
892,1,2022-11-22,,2025-07-06 09:52:42+10
893,1,2022-12-10,,2025-07-06 09:52:42+10
894,1,2023-01-16,,2025-07-06 09:52:42+10
895,1,2023-01-23,,2025-07-06 09:52:42+10
896,1,2023-03-01,,2025-07-06 09:52:42+10
897,1,2023-03-12,,2025-07-06 09:52:42+10
898,1,2023-03-19,,2025-07-06 09:52:42+10
899,1,2023-04-04,,2025-07-06 09:52:42+10
900,1,2023-04-11,,2025-07-06 09:52:42+10
901,1,2023-04-19,,2025-07-06 09:52:42+10
902,1,2023-05-02,,2025-07-06 09:52:42+10
903,1,2023-05-07,,2025-07-06 09:52:42+10
904,1,2023-06-15,,2025-07-06 09:52:42+10
905,1,2023-06-22,,2025-07-06 09:52:42+10
906,1,2023-07-10,,2025-07-06 09:52:42+10
907,1,2023-07-18,,2025-07-06 09:52:42+10
908,1,2023-07-25,,2025-07-06 09:52:42+10
909,1,2023-08-05,,2025-07-06 09:52:42+10
910,1,2023-08-12,,2025-07-06 09:52:42+10
911,1,2023-08-21,,2025-07-06 09:52:42+10
912,1,2023-08-31,,2025-07-06 09:52:42+10
913,1,2023-09-16,,2025-07-06 09:52:42+10
914,1,2023-09-23,,2025-07-06 09:52:42+10
915,1,2023-09-26,,2025-07-06 09:52:42+10
916,1,2023-09-28,,2025-07-06 09:52:42+10
917,1,2023-10-09,,2025-07-06 09:52:42+10
918,1,2023-10-22,,2025-07-06 09:52:42+10
919,1,2023-10-28,,2025-07-06 09:52:42+10
920,1,2023-11-02,,2025-07-06 09:52:42+10
921,1,2023-11-07,,2025-07-06 09:52:42+10
922,1,2023-11-18,,2025-07-06 09:52:42+10
923,1,2023-11-23,,2025-07-06 09:52:42+10
924,1,2023-11-28,,2025-07-06 09:52:42+10
925,1,2023-12-02,,2025-07-06 09:52:42+10
926,1,2023-12-06,,2025-07-06 09:52:42+10
927,1,2023-12-11,,2025-07-06 09:52:42+10
928,1,2023-12-16,,2025-07-06 09:52:42+10
929,1,2023-12-21,,2025-07-06 09:52:42+10
930,1,2023-12-31,,2025-07-06 09:52:42+10
931,1,2024-01-06,,2025-07-06 09:52:42+10
932,1,2024-01-12,,2025-07-06 09:52:42+10
933,1,2024-01-23,,2025-07-06 09:52:42+10
934,1,2024-01-30,,2025-07-06 09:52:42+10
935,1,2024-02-04,,2025-07-06 09:52:42+10
936,1,2024-02-09,,2025-07-06 09:52:42+10
937,1,2024-02-15,,2025-07-06 09:52:42+10
938,1,2024-02-20,,2025-07-06 09:52:42+10
939,1,2024-02-25,,2025-07-06 09:52:42+10
940,1,2024-03-02,,2025-07-06 09:52:42+10
941,1,2024-03-09,,2025-07-06 09:52:42+10
942,1,2024-03-14,,2025-07-06 09:52:42+10
943,1,2024-03-20,,2025-07-06 09:52:42+10
944,1,2024-03-27,,2025-07-06 09:52:42+10
945,1,2024-04-04,,2025-07-06 09:52:42+10
946,1,2024-04-09,,2025-07-06 09:52:42+10
947,1,2024-04-20,,2025-07-06 09:52:42+10
948,1,2024-04-24,,2025-07-06 09:52:42+10
949,1,2024-04-29,,2025-07-06 09:52:42+10
950,1,2024-05-04,,2025-07-06 09:52:42+10
951,1,2024-05-09,,2025-07-06 09:52:42+10
952,1,2024-05-14,,2025-07-06 09:52:42+10
953,1,2024-05-24,,2025-07-06 09:52:42+10
954,1,2024-05-30,,2025-07-06 09:52:42+10
955,1,2024-06-04,,2025-07-06 09:52:42+10
956,1,2024-06-14,,2025-07-06 09:52:42+10
957,1,2024-06-19,,2025-07-06 09:52:42+10
958,1,2024-06-23,,2025-07-06 09:52:42+10
959,1,2024-07-05,,2025-07-06 09:52:42+10
960,1,2024-07-10,,2025-07-06 09:52:42+10
961,1,2024-07-14,,2025-07-06 09:52:42+10
962,1,2024-07-19,,2025-07-06 09:52:42+10
963,1,2024-07-23,,2025-07-06 09:52:42+10
964,1,2024-07-28,,2025-07-06 09:52:42+10
965,1,2024-08-02,,2025-07-06 09:52:42+10
966,1,2024-08-06,,2025-07-06 09:52:42+10
967,1,2024-08-11,,2025-07-06 09:52:42+10
968,1,2024-08-16,,2025-07-06 09:52:42+10
969,1,2024-08-21,,2025-07-06 09:52:42+10
970,1,2024-08-25,,2025-07-06 09:52:42+10
971,1,2024-09-02,,2025-07-06 09:52:42+10
972,1,2024-09-07,,2025-07-06 09:52:42+10
973,1,2024-09-12,,2025-07-06 09:52:42+10
974,1,2024-09-18,,2025-07-06 09:52:42+10
975,1,2024-09-26,,2025-07-06 09:52:42+10
976,1,2024-09-30,,2025-07-06 09:52:42+10
977,1,2024-10-05,,2025-07-06 09:52:42+10
978,1,2024-10-19,,2025-07-06 09:52:42+10
979,1,2024-10-23,,2025-07-06 09:52:42+10
980,1,2024-10-31,,2025-07-06 09:52:42+10
981,1,2024-11-13,,2025-07-06 09:52:42+10
982,1,2024-11-17,,2025-07-06 09:52:42+10
983,1,2024-11-23,,2025-07-06 09:52:42+10
984,1,2024-11-27,,2025-07-06 09:52:42+10
985,1,2024-12-01,,2025-07-06 09:52:42+10
986,1,2024-12-05,,2025-07-06 09:52:42+10
987,1,2024-12-09,,2025-07-06 09:52:42+10
988,1,2024-12-13,,2025-07-06 09:52:42+10
989,1,2024-12-18,,2025-07-06 09:52:42+10
990,1,2024-12-22,,2025-07-06 09:52:42+10
991,1,2024-12-25,,2025-07-06 09:52:42+10
992,1,2024-12-29,,2025-07-06 09:52:42+10
993,1,2025-01-02,,2025-07-06 09:52:42+10
994,1,2025-01-06,,2025-07-06 09:52:42+10
995,1,2025-01-10,,2025-07-06 09:52:42+10
996,1,2025-01-14,,2025-07-06 09:52:42+10
997,1,2025-01-18,,2025-07-06 09:52:42+10
998,1,2025-01-23,,2025-07-06 09:52:42+10
999,1,2025-01-29,,2025-07-06 09:52:42+10
1000,1,2025-02-03,,2025-07-06 09:52:42+10
1001,1,2025-02-07,,2025-07-06 09:52:42+10
1002,1,2025-02-11,,2025-07-06 09:52:42+10
1003,1,2025-02-15,,2025-07-06 09:52:42+10
1004,1,2025-02-19,,2025-07-06 09:52:42+10
1005,1,2025-02-24,,2025-07-06 09:52:42+10
1006,1,2025-02-28,,2025-07-06 09:52:42+10
1007,1,2025-03-03,,2025-07-06 09:52:42+10
1008,1,2025-03-10,,2025-07-06 09:52:42+10
1009,1,2025-03-13,,2025-07-06 09:52:42+10
1010,1,2025-03-24,,2025-07-06 09:52:42+10
1011,1,2025-03-31,,2025-07-06 09:52:42+10
1012,1,2025-04-03,,2025-07-06 09:52:42+10
1013,1,2025-04-07,,2025-07-06 09:52:42+10
1014,1,2025-04-10,,2025-07-06 09:52:42+10
1015,1,2025-05-01,,2025-07-06 09:52:42+10
1016,1,2025-05-03,,2025-07-06 09:52:42+10
1017,1,2025-05-05,,2025-07-06 09:52:42+10
1018,1,2025-05-12,,2025-07-06 09:52:42+10
1019,1,2025-05-15,,2025-07-06 09:52:42+10
1020,1,2025-05-20,,2025-07-06 09:52:42+10
1021,1,2025-05-22,,2025-07-06 09:52:42+10
1022,1,2025-05-29,,2025-07-06 09:52:42+10
1023,1,2025-06-06,,2025-07-06 09:52:42+10
1024,1,2025-06-12,,2025-07-06 09:52:42+10
1025,1,2025-06-16,,2025-07-06 09:52:42+10
1026,1,2025-06-19,,2025-07-06 09:52:42+10
1027,1,2025-06-23,,2025-07-06 09:52:42+10
1028,1,2025-06-26,,2025-07-06 09:52:42+10
1029,1,2025-06-30,,2025-07-06 09:52:42+10
1030,1,2025-07-03,,2025-07-06 09:52:42+10
1031,1,2020-11-29,,2025-07-06 09:52:42+10
1032,1,2020-12-04,,2025-07-06 09:52:42+10
1033,1,2020-11-24,,2025-07-06 09:52:42+10
1034,1,2025-07-07,,2025-07-07 08:29:15+10
1035,1,2025-07-07,,2025-07-07 08:29:37+10
1036,1,2025-07-07,,2025-07-07 10:04:09+10
1037,1,2022-05-10,,2025-07-07 22:58:42+10
1038,1,2022-09-05,,2025-07-07 22:58:42+10
1039,1,2024-04-15,,2025-07-07 22:58:42+10
1040,1,2024-06-09,,2025-07-07 22:58:42+10
1041,1,2024-10-14,,2025-07-07 22:58:42+10
1042,1,2025-03-06,,2025-07-07 22:58:42+10
1043,1,2025-05-26,,2025-07-07 22:58:42+10
1044,1,2022-11-09,,2025-07-07 22:58:42+10
1045,1,2024-12-19,,2025-07-07 22:58:42+10
1046,1,2021-11-26,,2025-07-07 22:58:42+10
1047,1,2021-12-02,,2025-07-07 22:58:42+10
1048,1,2021-12-18,,2025-07-07 22:58:42+10
1049,1,2022-03-21,,2025-07-07 22:58:42+10
1050,1,2022-04-09,,2025-07-07 22:58:42+10
1051,1,2022-04-15,,2025-07-07 22:58:42+10
1052,1,2022-04-26,,2025-07-07 22:58:42+10
1053,1,2022-05-13,,2025-07-07 22:58:42+10
1054,1,2022-05-18,,2025-07-07 22:58:42+10
1055,1,2022-05-24,,2025-07-07 22:58:42+10
1056,1,2022-05-30,,2025-07-07 22:58:42+10
1057,1,2022-06-08,,2025-07-07 22:58:42+10
1058,1,2022-06-13,,2025-07-07 22:58:42+10
1059,1,2022-10-20,,2025-07-07 22:58:42+10
1060,1,2022-10-31,,2025-07-07 22:58:42+10
1061,1,2022-11-14,,2025-07-07 22:58:42+10
1062,1,2022-11-20,,2025-07-07 22:58:42+10
1063,1,2023-03-30,,2025-07-07 22:58:42+10
1064,1,2023-11-16,,2025-07-07 22:58:42+10
1065,1,2024-04-07,,2025-07-07 22:58:42+10
1066,1,2024-04-11,,2025-07-07 22:58:42+10
1067,1,2024-04-27,,2025-07-07 22:58:42+10
1068,1,2024-05-17,,2025-07-07 22:58:42+10
1069,1,2024-06-02,,2025-07-07 22:58:42+10
1070,1,2024-07-03,,2025-07-07 22:58:42+10
1071,1,2024-07-31,,2025-07-07 22:58:42+10
1072,1,2024-08-14,,2025-07-07 22:58:42+10
1073,1,2024-08-19,,2025-07-07 22:58:42+10
1074,1,2024-09-05,,2025-07-07 22:58:42+10
1075,1,2024-09-24,,2025-07-07 22:58:42+10
1076,1,2024-10-03,,2025-07-07 22:58:42+10
1077,1,2024-11-29,,2025-07-07 22:58:42+10
1078,1,2024-12-31,,2025-07-07 22:58:42+10
1079,1,2025-02-21,,2025-07-07 22:58:42+10
1080,1,2025-02-26,,2025-07-07 22:58:42+10
1081,1,2025-04-05,,2025-07-07 22:58:42+10
1082,1,2025-06-21,,2025-07-07 22:58:42+10
1083,1,2020-11-17,,2025-07-07 22:58:42+10
1084,1,2020-11-27,,2025-07-07 22:58:42+10
1085,1,2020-12-02,,2025-07-07 22:58:42+10
1086,1,2020-12-18,,2025-07-07 22:58:42+10
1087,1,2020-12-24,,2025-07-07 22:58:42+10
1088,1,2021-01-06,,2025-07-07 22:58:42+10
1089,1,2021-01-11,,2025-07-07 22:58:42+10
1090,1,2021-01-21,,2025-07-07 22:58:42+10
1091,1,2021-01-27,,2025-07-07 22:58:42+10
1092,1,2021-02-07,,2025-07-07 22:58:42+10
1093,1,2021-02-21,,2025-07-07 22:58:42+10
1094,1,2021-02-26,,2025-07-07 22:58:42+10
1095,1,2021-03-03,,2025-07-07 22:58:42+10
1096,1,2021-03-08,,2025-07-07 22:58:42+10
1097,1,2021-03-13,,2025-07-07 22:58:42+10
1098,1,2021-03-18,,2025-07-07 22:58:42+10
1099,1,2021-03-24,,2025-07-07 22:58:42+10
1100,1,2021-04-19,,2025-07-07 22:58:42+10
1101,1,2021-04-25,,2025-07-07 22:58:42+10
1102,1,2021-05-01,,2025-07-07 22:58:42+10
1103,1,2021-05-06,,2025-07-07 22:58:42+10
1104,1,2021-05-11,,2025-07-07 22:58:42+10
1105,1,2021-05-16,,2025-07-07 22:58:42+10
1106,1,2021-05-21,,2025-07-07 22:58:42+10
1107,1,2021-05-28,,2025-07-07 22:58:42+10
1108,1,2021-06-05,,2025-07-07 22:58:42+10
1109,1,2021-06-21,,2025-07-07 22:58:42+10
1110,1,2021-06-26,,2025-07-07 22:58:42+10
1111,1,2021-07-10,,2025-07-07 22:58:42+10
1112,1,2021-12-23,,2025-07-07 22:58:42+10
1113,1,2022-01-06,,2025-07-07 22:58:42+10
1114,1,2022-02-03,,2025-07-07 22:58:42+10
1115,1,2022-02-14,,2025-07-07 22:58:42+10
1116,1,2022-02-25,,2025-07-07 22:58:42+10
1117,1,2022-05-02,,2025-07-07 22:58:42+10
1118,1,2022-07-06,,2025-07-07 22:58:42+10
1119,1,2022-08-04,,2025-07-07 22:58:42+10
1120,1,2022-08-09,,2025-07-07 22:58:42+10
1121,1,2022-08-13,,2025-07-07 22:58:42+10
1122,1,2022-08-20,,2025-07-07 22:58:42+10
1123,1,2022-09-16,,2025-07-07 22:58:42+10
1124,1,2022-09-29,,2025-07-07 22:58:42+10
1125,1,2023-04-17,,2025-07-07 22:58:42+10
1126,1,2023-05-05,,2025-07-07 22:58:42+10
1127,1,2023-06-13,,2025-07-07 22:58:42+10
1128,1,2023-06-19,,2025-07-07 22:58:42+10
1129,1,2023-07-08,,2025-07-07 22:58:42+10
1130,1,2023-07-13,,2025-07-07 22:58:42+10
1131,1,2023-07-22,,2025-07-07 22:58:42+10
1132,1,2023-07-27,,2025-07-07 22:58:42+10
1133,1,2023-09-29,,2025-07-07 22:58:42+10
1134,1,2023-10-12,,2025-07-07 22:58:42+10
1135,1,2023-10-25,,2025-07-07 22:58:42+10
1136,1,2023-11-05,,2025-07-07 22:58:42+10
1137,1,2023-11-11,,2025-07-07 22:58:42+10
1138,1,2023-11-21,,2025-07-07 22:58:42+10
1139,1,2023-11-26,,2025-07-07 22:58:42+10
1140,1,2023-11-30,,2025-07-07 22:58:42+10
1141,1,2023-12-04,,2025-07-07 22:58:42+10
1142,1,2023-12-14,,2025-07-07 22:58:42+10
1143,1,2023-12-19,,2025-07-07 22:58:42+10
1144,1,2023-12-24,,2025-07-07 22:58:42+10
1145,1,2024-01-04,,2025-07-07 22:58:42+10
1146,1,2024-01-21,,2025-07-07 22:58:42+10
1147,1,2024-02-07,,2025-07-07 22:58:42+10
1148,1,2024-02-13,,2025-07-07 22:58:42+10
1149,1,2024-02-18,,2025-07-07 22:58:42+10
1150,1,2024-02-28,,2025-07-07 22:58:42+10
1151,1,2024-03-06,,2025-07-07 22:58:42+10
1152,1,2024-03-18,,2025-07-07 22:58:42+10
1153,1,2024-03-25,,2025-07-07 22:58:42+10
1154,1,2024-04-02,,2025-07-07 22:58:42+10
1155,1,2024-05-07,,2025-07-07 22:58:42+10
1156,1,2024-05-22,,2025-07-07 22:58:42+10
1157,1,2024-06-17,,2025-07-07 22:58:42+10
1158,1,2024-06-29,,2025-07-07 22:58:42+10
1159,1,2024-08-27,,2025-07-07 22:58:42+10
1160,1,2025-01-31,,2025-07-07 22:58:42+10
1161,1,2025-02-13,,2025-07-07 22:58:42+10
1162,1,2024-06-12,,2025-07-07 22:58:42+10
1163,1,2020-11-10,,2025-07-07 22:58:42+10
1164,1,2020-11-20,,2025-07-07 22:58:42+10
1165,1,2020-11-25,,2025-07-07 22:58:42+10
1166,1,2020-11-30,,2025-07-07 22:58:42+10
1167,1,2020-12-05,,2025-07-07 22:58:42+10
1168,1,2020-12-11,,2025-07-07 22:58:42+10
1169,1,2020-12-22,,2025-07-07 22:58:42+10
1170,1,2020-12-28,,2025-07-07 22:58:42+10
1171,1,2021-01-04,,2025-07-07 22:58:42+10
1172,1,2021-01-09,,2025-07-07 22:58:42+10
1173,1,2021-01-14,,2025-07-07 22:58:42+10
1174,1,2021-01-19,,2025-07-07 22:58:42+10
1175,1,2021-01-25,,2025-07-07 22:58:42+10
1176,1,2021-01-30,,2025-07-07 22:58:42+10
1177,1,2021-02-05,,2025-07-07 22:58:42+10
1178,1,2021-02-10,,2025-07-07 22:58:42+10
1179,1,2021-02-19,,2025-07-07 22:58:42+10
1180,1,2021-02-25,,2025-07-07 22:58:42+10
1181,1,2021-03-06,,2025-07-07 22:58:42+10
1182,1,2021-03-11,,2025-07-07 22:58:42+10
1183,1,2021-03-16,,2025-07-07 22:58:42+10
1184,1,2021-04-07,,2025-07-07 22:58:42+10
1185,1,2021-04-12,,2025-07-07 22:58:42+10
1186,1,2021-04-17,,2025-07-07 22:58:42+10
1187,1,2021-04-23,,2025-07-07 22:58:42+10
1188,1,2021-04-28,,2025-07-07 22:58:42+10
1189,1,2021-05-05,,2025-07-07 22:58:42+10
1190,1,2021-05-09,,2025-07-07 22:58:42+10
1191,1,2021-05-14,,2025-07-07 22:58:42+10
1192,1,2021-05-25,,2025-07-07 22:58:42+10
1193,1,2021-06-02,,2025-07-07 22:58:42+10
1194,1,2021-06-08,,2025-07-07 22:58:42+10
1195,1,2021-06-19,,2025-07-07 22:58:42+10
1196,1,2021-06-24,,2025-07-07 22:58:42+10
1197,1,2021-06-29,,2025-07-07 22:58:42+10
1198,1,2021-07-04,,2025-07-07 22:58:42+10
1199,1,2021-11-11,,2025-07-07 22:58:42+10
1200,1,2021-11-16,,2025-07-07 22:58:42+10
1201,1,2021-11-20,,2025-07-07 22:58:42+10
1202,1,2021-11-24,,2025-07-07 22:58:42+10
1203,1,2021-12-01,,2025-07-07 22:58:42+10
1204,1,2021-12-13,,2025-07-07 22:58:42+10
1205,1,2021-12-17,,2025-07-07 22:58:42+10
1206,1,2021-12-22,,2025-07-07 22:58:42+10
1207,1,2021-12-26,,2025-07-07 22:58:42+10
1208,1,2021-12-31,,2025-07-07 22:58:42+10
1209,1,2022-01-05,,2025-07-07 22:58:42+10
1210,1,2022-01-10,,2025-07-07 22:58:42+10
1211,1,2022-01-14,,2025-07-07 22:58:42+10
1212,1,2022-01-18,,2025-07-07 22:58:42+10
1213,1,2022-01-23,,2025-07-07 22:58:42+10
1214,1,2022-01-28,,2025-07-07 22:58:42+10
1215,1,2022-02-02,,2025-07-07 22:58:42+10
1216,1,2022-02-06,,2025-07-07 22:58:42+10
1217,1,2022-02-17,,2025-07-07 22:58:42+10
1218,1,2022-02-23,,2025-07-07 22:58:42+10
1219,1,2022-02-28,,2025-07-07 22:58:42+10
1220,1,2022-03-07,,2025-07-07 22:58:42+10
1221,1,2022-03-14,,2025-07-07 22:58:42+10
1222,1,2022-03-20,,2025-07-07 22:58:42+10
1223,1,2022-03-28,,2025-07-07 22:58:42+10
1224,1,2022-04-08,,2025-07-07 22:58:42+10
1225,1,2022-04-13,,2025-07-07 22:58:42+10
1226,1,2022-04-24,,2025-07-07 22:58:42+10
1227,1,2022-04-29,,2025-07-07 22:58:42+10
1228,1,2022-05-05,,2025-07-07 22:58:42+10
1229,1,2022-05-11,,2025-07-07 22:58:42+10
1230,1,2022-05-17,,2025-07-07 22:58:42+10
1231,1,2022-05-23,,2025-07-07 22:58:42+10
1232,1,2022-05-28,,2025-07-07 22:58:42+10
1233,1,2022-06-06,,2025-07-07 22:58:42+10
1234,1,2022-06-11,,2025-07-07 22:58:42+10
1235,1,2022-06-17,,2025-07-07 22:58:42+10
1236,1,2022-06-29,,2025-07-07 22:58:42+10
1237,1,2022-07-04,,2025-07-07 22:58:42+10
1238,1,2022-07-20,,2025-07-07 22:58:42+10
1239,1,2022-07-25,,2025-07-07 22:58:42+10
1240,1,2022-08-07,,2025-07-07 22:58:42+10
1241,1,2022-08-12,,2025-07-07 22:58:42+10
1242,1,2022-08-19,,2025-07-07 22:58:42+10
1243,1,2022-08-23,,2025-07-07 22:58:42+10
1244,1,2022-09-06,,2025-07-07 22:58:42+10
1245,1,2022-09-21,,2025-07-07 22:58:42+10
1246,1,2022-09-27,,2025-07-07 22:58:42+10
1247,1,2022-10-02,,2025-07-07 22:58:42+10
1248,1,2022-10-08,,2025-07-07 22:58:42+10
1249,1,2022-10-13,,2025-07-07 22:58:42+10
1250,1,2022-10-23,,2025-07-07 22:58:42+10
1251,1,2022-10-29,,2025-07-07 22:58:42+10
1252,1,2022-11-12,,2025-07-07 22:58:42+10
1253,1,2022-11-17,,2025-07-07 22:58:42+10
1254,1,2023-01-11,,2025-07-07 22:58:42+10
1255,1,2023-01-17,,2025-07-07 22:58:42+10
1256,1,2023-03-08,,2025-07-07 22:58:42+10
1257,1,2023-03-13,,2025-07-07 22:58:42+10
1258,1,2023-03-20,,2025-07-07 22:58:42+10
1259,1,2023-03-28,,2025-07-07 22:58:42+10
1260,1,2023-04-07,,2025-07-07 22:58:42+10
1261,1,2023-04-12,,2025-07-07 22:58:42+10
1262,1,2023-04-20,,2025-07-07 22:58:42+10
1263,1,2023-04-26,,2025-07-07 22:58:42+10
1264,1,2023-05-03,,2025-07-07 22:58:42+10
1265,1,2023-05-08,,2025-07-07 22:58:42+10
1266,1,2023-05-29,,2025-07-07 22:58:42+10
1267,1,2023-06-17,,2025-07-07 22:58:42+10
1268,1,2023-06-25,,2025-07-07 22:58:42+10
1269,1,2023-07-05,,2025-07-07 22:58:42+10
1270,1,2023-07-11,,2025-07-07 22:58:42+10
1271,1,2023-07-19,,2025-07-07 22:58:42+10
1272,1,2023-08-14,,2025-07-07 22:58:42+10
1273,1,2023-09-01,,2025-07-07 22:58:42+10
1274,1,2023-09-11,,2025-07-07 22:58:42+10
1275,1,2023-09-18,,2025-07-07 22:58:42+10
1276,1,2023-09-24,,2025-07-07 22:58:42+10
1277,1,2023-09-30,,2025-07-07 22:58:42+10
1278,1,2023-10-05,,2025-07-07 22:58:42+10
1279,1,2023-10-10,,2025-07-07 22:58:42+10
1280,1,2023-10-17,,2025-07-07 22:58:42+10
1281,1,2023-11-04,,2025-07-07 22:58:42+10
1282,1,2023-11-08,,2025-07-07 22:58:42+10
1283,1,2023-11-14,,2025-07-07 22:58:42+10
1284,1,2023-12-03,,2025-07-07 22:58:42+10
1285,1,2023-12-12,,2025-07-07 22:58:42+10
1286,1,2023-12-17,,2025-07-07 22:58:42+10
1287,1,2023-12-27,,2025-07-07 22:58:42+10
1288,1,2024-01-02,,2025-07-07 22:58:42+10
1289,1,2024-01-07,,2025-07-07 22:58:42+10
1290,1,2024-01-13,,2025-07-07 22:58:42+10
1291,1,2024-01-18,,2025-07-07 22:58:42+10
1292,1,2024-01-24,,2025-07-07 22:58:42+10
1293,1,2024-01-31,,2025-07-07 22:58:42+10
1294,1,2024-02-05,,2025-07-07 22:58:42+10
1295,1,2024-02-17,,2025-07-07 22:58:42+10
1296,1,2024-02-21,,2025-07-07 22:58:42+10
1297,1,2024-02-26,,2025-07-07 22:58:42+10
1298,1,2024-03-04,,2025-07-07 22:58:42+10
1299,1,2024-03-10,,2025-07-07 22:58:42+10
1300,1,2024-03-15,,2025-07-07 22:58:42+10
1301,1,2024-03-21,,2025-07-07 22:58:42+10
1302,1,2024-04-01,,2025-07-07 22:58:42+10
1303,1,2024-04-06,,2025-07-07 22:58:42+10
1304,1,2024-04-16,,2025-07-07 22:58:42+10
1305,1,2024-04-21,,2025-07-07 22:58:42+10
1306,1,2024-04-25,,2025-07-07 22:58:42+10
1307,1,2024-04-30,,2025-07-07 22:58:42+10
1308,1,2024-05-05,,2025-07-07 22:58:42+10
1309,1,2024-05-10,,2025-07-07 22:58:42+10
1310,1,2024-05-15,,2025-07-07 22:58:42+10
1311,1,2024-05-26,,2025-07-07 22:58:42+10
1312,1,2024-05-31,,2025-07-07 22:58:42+10
1313,1,2024-06-05,,2025-07-07 22:58:42+10
1314,1,2024-06-10,,2025-07-07 22:58:42+10
1315,1,2024-06-15,,2025-07-07 22:58:42+10
1316,1,2024-06-24,,2025-07-07 22:58:42+10
1317,1,2024-07-01,,2025-07-07 22:58:42+10
1318,1,2024-07-29,,2025-07-07 22:58:42+10
1319,1,2024-08-03,,2025-07-07 22:58:42+10
1320,1,2024-08-07,,2025-07-07 22:58:42+10
1321,1,2024-08-22,,2025-07-07 22:58:42+10
1322,1,2024-08-30,,2025-07-07 22:58:42+10
1323,1,2024-09-13,,2025-07-07 22:58:42+10
1324,1,2024-09-23,,2025-07-07 22:58:42+10
1325,1,2024-10-11,,2025-07-07 22:58:42+10
1326,1,2024-11-05,,2025-07-07 22:58:42+10
1327,1,2024-12-02,,2025-07-07 22:58:42+10
1328,1,2024-12-10,,2025-07-07 22:58:42+10
1329,1,2025-01-07,,2025-07-07 22:58:42+10
1330,1,2025-01-24,,2025-07-07 22:58:42+10
1331,1,2025-02-12,,2025-07-07 22:58:42+10
1332,1,2025-02-16,,2025-07-07 22:58:42+10
1333,1,2025-02-20,,2025-07-07 22:58:42+10
1334,1,2025-02-25,,2025-07-07 22:58:42+10
1335,1,2025-04-08,,2025-07-07 22:58:42+10
1336,1,2025-05-19,,2025-07-07 22:58:42+10
1337,1,2025-06-13,,2025-07-07 22:58:42+10
1338,1,2025-07-01,,2025-07-07 22:58:42+10
1339,1,2024-06-20,,2025-07-07 22:58:42+10
1340,1,2024-11-24,,2025-07-07 22:58:42+10
1341,1,2025-05-23,,2025-07-07 22:58:42+10
1342,1,2025-06-27,,2025-07-07 22:58:42+10
1343,1,2025-01-15,,2025-07-07 22:58:42+10
1344,1,2025-05-30,,2025-07-07 22:58:42+10
1345,1,2022-08-29,,2025-07-07 22:58:42+10
1346,1,2021-11-29,,2025-07-07 22:58:42+10
1347,1,2022-01-07,,2025-07-07 22:58:42+10
1348,1,2022-01-12,,2025-07-07 22:58:42+10
1349,1,2022-05-09,,2025-07-07 22:58:42+10
1350,1,2022-05-14,,2025-07-07 22:58:42+10
1351,1,2022-10-11,,2025-07-07 22:58:42+10
1352,1,2024-11-16,,2025-07-07 22:58:42+10
1353,1,2024-12-08,,2025-07-07 22:58:42+10
1354,1,2025-03-05,,2025-07-07 22:58:42+10
1355,1,2025-04-09,,2025-07-07 22:58:42+10
1356,1,2025-05-04,,2025-07-07 22:58:42+10
1357,1,2025-05-18,,2025-07-07 22:58:42+10
1358,1,2025-06-25,,2025-07-07 22:58:42+10
1359,1,2025-01-13,,2025-07-07 22:58:42+10
1360,1,2025-07-08,,2025-07-08 00:54:33+10
1361,1,2025-07-08,,2025-07-08 00:54:33+10
1362,1,2025-07-08,,2025-07-08 00:54:33+10
1363,1,2025-07-08,,2025-07-08 00:54:33+10
1364,1,2025-07-08,,2025-07-08 00:54:33+10
1365,1,2025-07-08,,2025-07-08 00:54:33+10
1366,1,2025-07-09,,2025-07-09 20:52:08.276629+10
1367,1,2025-07-09,,2025-07-09 20:52:08.287389+10
1368,1,2025-07-09,,2025-07-09 20:52:08.292649+10
1369,1,2025-07-09,,2025-07-09 20:52:08.296897+10
1370,1,2025-07-09,,2025-07-09 20:52:08.301428+10
1371,1,2025-07-09,,2025-07-09 20:52:08.306333+10
1372,1,2025-07-09,,2025-07-09 20:52:08.310469+10
1373,1,2025-07-09,,2025-07-09 20:52:08.3147+10
1374,1,2025-07-09,,2025-07-09 20:53:20.24021+10
1376,1,2025-07-09,,2025-07-09 20:58:32.923412+10
1377,1,2025-07-09,,2025-07-09 20:58:32.930957+10
1378,1,2025-07-09,,2025-07-09 20:58:32.936633+10
1379,1,2025-07-09,,2025-07-09 20:58:32.941523+10
1380,1,2025-07-09,,2025-07-09 20:58:32.947306+10
1381,1,2025-07-09,,2025-07-09 20:58:32.952851+10
1382,1,2025-07-09,,2025-07-09 20:58:32.957957+10
1383,1,2025-07-09,,2025-07-09 20:58:32.963085+10
